customer_id,name,email,city,country,signup_date
1,Uma Brown,uma.brown95@hotmail.com,New York,US,2019-07-26
2,Carlos Moore,carlos.moore76@outlook.com,Chicago,US,2019-01-19
3,Alice Moore,alice.moore92@icloud.com,San Antonio,US,2023-01-14
4,Alice Garcia,alice.garcia44@hotmail.com,Vancouver,CA,2021-10-10
5,Leo Lopez,leo.lopez6@outlook.com,Dallas,US,2022-03-31
6,Uma Martin,uma.martin74@yahoo.com,Birmingham,GB,2018-07-07
7,Carol Davis,carol.davis49@hotmail.com,Houston,US,2022-02-03
8,Victor Rodriguez,victor.rodriguez78@yahoo.com,Chicago,US,2020-09-29
9,Diana Moore,diana.moore88@hotmail.com,San Diego,US,2018-08-18
10,Karen Gonzalez,karen.gonzalez9@yahoo.com,Dallas,US,2024-05-12
11,Uma Thomas,uma.thomas83@outlook.com,Toronto,CA,2019-07-26
12,Iris Jackson,iris.jackson75@outlook.com,Vancouver,CA,2019-07-21
13,Bob Brown,bob.brown81@yahoo.com,Phoenix,US,2022-09-26
14,Tina Anderson,tina.anderson33@icloud.com,Melbourne,AU,2018-02-17
15,Carlos Moore,carlos.moore99@hotmail.com,,US,2022-11-16
16,Xander Rodriguez,xander.rodriguez98@yahoo.com,Melbourne,AU,2019-03-12
17,Uma Taylor,uma.taylor20@hotmail.com,San Antonio,US,2024-01-19
18,Diana Smith,diana.smith63@gmail.com,Manchester,GB,2022-01-26
19,Jack Davis,jack.davis31@icloud.com,Los Angeles,US,2018-12-17
20,Yara Moore,yara.moore17@outlook.com,Phoenix,US,2019-11-08
21,Noah Miller,noah.miller97@yahoo.com,Brisbane,AU,2022-06-23
22,Olivia Taylor,,Montreal,CA,2021-10-16
23,Sam Davis,sam.davis10@gmail.com,New York,US,2018-05-09
24,Hank Rodriguez,hank.rodriguez28@icloud.com,Sydney,AU,2024-05-27
25,Paul Wilson,paul.wilson13@gmail.com,San Antonio,US,2021-12-22
26,Xander Johnson,xander.johnson8@outlook.com,Houston,US,2019-03-24
27,Olivia Jones,olivia.jones24@hotmail.com,Vancouver,CA,2018-11-05
28,Rosa Brown,rosa.brown84@icloud.com,Los Angeles,US,2019-01-18
29,Frank Wilson,frank.wilson62@yahoo.com,,AU,2018-08-29
30,Mia Rodriguez,mia.rodriguez37@outlook.com,Montreal,CA,2024-03-26
31,Grace Martinez,grace.martinez8@icloud.com,San Antonio,US,2018-09-07
32,Sam Thomas,sam.thomas68@yahoo.com,Melbourne,AU,2023-09-12
33,Tina Williams,tina.williams52@gmail.com,San Diego,US,2024-05-22
34,Tina Williams,tina.williams85@icloud.com,Vancouver,CA,2021-07-19
35,Wendy Hernandez,wendy.hernandez34@outlook.com,San Diego,US,2021-05-13
36,Diana Williams,diana.williams59@icloud.com,New York,US,2019-02-14
37,Iris Jones,iris.jones9@yahoo.com,Birmingham,GB,2019-10-09
38,Jack Martin,jack.martin2@icloud.com,Melbourne,AU,2019-03-01
39,David Brown,david.brown20@hotmail.com,Brisbane,AU,2020-05-12
40,Uma Rodriguez,uma.rodriguez63@hotmail.com,Melbourne,AU,2018-07-28
41,Iris Johnson,iris.johnson43@yahoo.com,New York,US,2020-12-08
42,Wendy Wilson,wendy.wilson2@gmail.com,Brisbane,AU,2019-09-03
43,Sam Moore,sam.moore56@yahoo.com,Phoenix,US,2022-02-02
44,Bella Johnson,bella.johnson27@yahoo.com,Birmingham,GB,2021-12-19
45,Noah Martin,noah.martin31@yahoo.com,Phoenix,US,2019-12-27
46,Xander Hernandez,xander.hernandez86@yahoo.com,Vancouver,CA,2019-03-19
47,Paul Davis,paul.davis59@hotmail.com,San Antonio,US,2020-07-21
48,Mia Hernandez,mia.hernandez9@hotmail.com,Dallas,US,2023-09-18
49,Rosa Hernandez,rosa.hernandez15@hotmail.com,New York,US,2020-12-23
50,Leo Hernandez,leo.hernandez78@icloud.com,Vancouver,CA,2024-06-19
51,Noah Smith,noah.smith69@yahoo.com,Melbourne,AU,2018-10-14
52,Tina Hernandez,tina.hernandez93@hotmail.com,Houston,US,2022-07-31
53,Rosa Jones,rosa.jones54@outlook.com,San Antonio,US,2019-12-14
54,Rosa Smith,rosa.smith37@yahoo.com,London,GB,2021-08-12
55,Grace Taylor,grace.taylor95@yahoo.com,Sydney,AU,2021-03-08
56,Karen Williams,karen.williams87@hotmail.com,San Diego,US,2020-03-26
57,Paul Martin,paul.martin59@outlook.com,Chicago,US,2024-06-15
58,Paul Gonzalez,paul.gonzalez19@gmail.com,San Diego,US,2019-03-13
59,Zoe Taylor,zoe.taylor7@icloud.com,Montreal,CA,2019-05-13
60,Victor Taylor,victor.taylor77@hotmail.com,Brisbane,AU,2022-12-18
61,Quinn Wilson,quinn.wilson58@yahoo.com,Brisbane,AU,2023-04-29
62,Aaron Rodriguez,aaron.rodriguez63@yahoo.com,Melbourne,AU,2018-11-14
63,Karen Hernandez,karen.hernandez11@yahoo.com,Brisbane,AU,2022-04-18
64,Carol Wilson,carol.wilson43@icloud.com,Vancouver,CA,2018-09-13
65,Carlos Jackson,carlos.jackson98@icloud.com,New York,US,2018-01-25
66,Mia Wilson,mia.wilson96@icloud.com,Brisbane,AU,2020-06-22
67,Paul Smith,paul.smith44@outlook.com,Toronto,CA,2023-03-30
68,Rosa Smith,rosa.smith76@icloud.com,Toronto,CA,2018-12-10
69,Olivia Garcia,olivia.garcia34@outlook.com,Los Angeles,US,2023-02-06
70,Mia Rodriguez,mia.rodriguez33@gmail.com,Vancouver,CA,2024-01-19
71,Hank Williams,hank.williams97@gmail.com,Los Angeles,US,2020-03-27
72,Hank Jones,hank.jones86@gmail.com,Sydney,AU,2020-06-11
73,Leo Garcia,leo.garcia21@hotmail.com,Houston,US,2018-04-16
74,Diana Gonzalez,diana.gonzalez92@yahoo.com,Toronto,CA,2020-09-21
75,Bella Martin,bella.martin73@gmail.com,Houston,US,2022-10-21
76,Uma Hernandez,uma.hernandez54@outlook.com,New York,US,2022-01-23
77,Wendy Jones,wendy.jones23@icloud.com,Vancouver,CA,2021-01-11
78,Yara Thomas,yara.thomas56@icloud.com,Montreal,CA,2020-10-02
79,Carlos Anderson,carlos.anderson97@outlook.com,San Diego,US,2022-04-02
80,Karen Garcia,karen.garcia28@hotmail.com,Sydney,AU,2021-10-26
81,Carlos Rodriguez,carlos.rodriguez2@icloud.com,Brisbane,AU,2018-12-17
82,Rosa Davis,rosa.davis83@outlook.com,Sydney,AU,2018-03-12
83,Wendy Davis,wendy.davis85@icloud.com,London,GB,2024-03-17
84,Xander Moore,xander.moore46@outlook.com,Manchester,GB,2020-10-26
85,Karen Brown,karen.brown98@yahoo.com,Brisbane,AU,2023-06-07
86,Yara Taylor,yara.taylor13@yahoo.com,,GB,2022-01-18
87,Rosa Jones,rosa.jones6@gmail.com,Dallas,US,2019-06-02
88,David Smith,david.smith61@outlook.com,London,GB,2020-01-26
89,Bella Thomas,bella.thomas9@outlook.com,Houston,US,2024-06-21
90,Eve Jackson,eve.jackson11@yahoo.com,London,GB,2022-09-01
91,Hank Taylor,hank.taylor58@outlook.com,Toronto,CA,2022-10-23
92,Tina Brown,tina.brown81@yahoo.com,San Antonio,US,2018-11-29
93,Carol Garcia,carol.garcia53@outlook.com,New York,US,2023-04-09
94,Wendy Martinez,wendy.martinez10@yahoo.com,Montreal,CA,2020-03-21
95,Uma Jones,uma.jones19@gmail.com,Dallas,US,2021-06-13
96,Diana Martinez,diana.martinez16@outlook.com,Montreal,CA,2022-07-07
97,Paul Anderson,paul.anderson77@gmail.com,Chicago,US,2021-08-13
98,Hank Jackson,hank.jackson98@hotmail.com,New York,US,2019-12-19
99,Diana Rodriguez,diana.rodriguez75@outlook.com,Philadelphia,US,2023-07-08
100,Noah Hernandez,noah.hernandez86@gmail.com,Manchester,GB,2021-09-12
101,Victor Gonzalez,victor.gonzalez5@outlook.com,Brisbane,AU,2020-10-30
102,Mia Taylor,mia.taylor85@icloud.com,New York,US,2018-08-11
103,Yara Thomas,yara.thomas98@gmail.com,Montreal,CA,2024-02-28
104,Carlos Thomas,carlos.thomas4@icloud.com,,US,2019-10-11
105,Noah Williams,noah.williams15@outlook.com,San Diego,US,2019-09-23
106,Quinn Rodriguez,quinn.rodriguez62@outlook.com,Vancouver,CA,2024-03-07
107,Tina Taylor,tina.taylor9@hotmail.com,Phoenix,US,2022-08-27
108,Iris Smith,iris.smith93@hotmail.com,London,GB,2023-06-29
109,Paul Lopez,paul.lopez71@icloud.com,Manchester,GB,2021-08-11
110,Hank Jackson,hank.jackson30@outlook.com,Toronto,CA,2023-04-22
111,Mia Jones,mia.jones5@yahoo.com,Sydney,AU,2021-09-21
112,Olivia Brown,olivia.brown59@gmail.com,Melbourne,AU,2022-08-07
113,Carol Thomas,carol.thomas44@icloud.com,Dallas,US,2018-11-25
114,Bella Moore,bella.moore41@outlook.com,Toronto,CA,2018-05-28
115,Victor Martinez,victor.martinez96@gmail.com,San Diego,US,2019-02-08
116,David Anderson,david.anderson89@hotmail.com,Philadelphia,US,2018-07-08
117,Leo Lopez,leo.lopez19@yahoo.com,Vancouver,CA,2024-05-07
118,Frank Williams,frank.williams80@yahoo.com,Toronto,CA,2019-08-10
119,Olivia Rodriguez,olivia.rodriguez60@hotmail.com,New York,US,2019-10-10
120,Sam Martinez,sam.martinez89@hotmail.com,Vancouver,CA,2021-05-22
121,Paul Brown,paul.brown49@icloud.com,San Diego,US,2021-04-26
122,Aaron Gonzalez,aaron.gonzalez2@icloud.com,Dallas,US,2018-07-20
123,Aaron Martinez,aaron.martinez78@hotmail.com,San Diego,US,2020-02-18
124,Xander Jones,xander.jones81@gmail.com,Houston,US,2022-12-11
125,Eve Williams,eve.williams42@outlook.com,London,GB,2019-06-26
126,Leo Taylor,leo.taylor35@yahoo.com,Melbourne,AU,2023-05-28
127,Bella Hernandez,bella.hernandez60@gmail.com,Houston,US,2020-07-13
128,Mia Moore,mia.moore12AToutlook.com,Birmingham,GB,2024-01-07
129,Xander Rodriguez,xander.rodriguez82@hotmail.com,Toronto,CA,2020-08-15
130,Rosa Hernandez,rosa.hernandez83@gmail.com,San Diego,US,2023-03-17
131,Noah Brown,noah.brown6@gmail.com,Phoenix,US,2023-07-11
132,Rosa Jones,rosa.jones59@hotmail.com,Toronto,CA,2024-01-22
133,Eve Wilson,eve.wilson63@icloud.com,Houston,US,2021-02-19
134,Olivia Anderson,olivia.anderson47@gmail.com,San Diego,US,2022-02-13
135,Leo Johnson,leo.johnson36@yahoo.com,Toronto,CA,2023-02-06
136,Uma Martin,uma.martin7@hotmail.com,New York,US,2019-05-31
137,Aaron Moore,aaron.moore76@yahoo.com,San Antonio,US,2020-08-12
138,Carlos Martin,carlos.martin36@yahoo.com,New York,US,2024-01-22
139,Victor Smith,victor.smith2@hotmail.com,,US,2020-09-01
140,Iris Johnson,iris.johnson95@outlook.com,Phoenix,US,2018-09-18
141,Quinn Jackson,quinn.jackson58@icloud.com,Houston,US,2018-06-27
142,Victor Taylor,victor.taylor59@gmail.com,London,GB,2023-05-16
143,David Thomas,david.thomas10@gmail.com,Montreal,CA,2019-08-31
144,Uma Jackson,uma.jackson92@hotmail.com,Brisbane,AU,2023-12-14
145,Noah Brown,noah.brown84@icloud.com,Houston,US,2020-05-30
146,Noah Hernandez,noah.hernandez52@outlook.com,Montreal,CA,2021-07-04
147,Leo Jones,leo.jones9@gmail.com,Sydney,AU,2019-01-17
148,Leo Jones,leo.jones8@icloud.com,Brisbane,AU,2024-04-19
149,Leo Wilson,leo.wilson37@icloud.com,Los Angeles,US,2019-03-01
150,Victor Thomas,victor.thomas14@hotmail.com,San Diego,US,2022-02-14
151,Hank Wilson,,Brisbane,AU,2024-03-30
152,Aaron Rodriguez,aaron.rodriguez24@hotmail.com,New York,US,2021-06-19
153,Frank Jones,frank.jones9@yahoo.com,Toronto,CA,2018-05-06
154,Mia Wilson,mia.wilson44@yahoo.com,Montreal,CA,2021-08-21
155,Carol Johnson,carol.johnson21@icloud.com,Phoenix,US,2018-12-01
156,Paul Martin,paul.martin54@hotmail.com,Montreal,CA,2023-09-30
157,Jack Jackson,jack.jackson68@hotmail.com,Sydney,AU,2022-06-07
158,Grace Martinez,grace.martinez99@yahoo.com,,US,2021-03-31
159,Xander Wilson,xander.wilson17@outlook.com,Philadelphia,US,2020-07-31
160,Zoe Lopez,zoe.lopez51@gmail.com,Chicago,US,2023-02-27
161,Sam Wilson,,Toronto,CA,2022-07-18
162,Zoe Martin,zoe.martin89@hotmail.com,Montreal,CA,2019-03-10
163,Quinn Williams,quinn.williams40@hotmail.com,Toronto,CA,2019-11-20
164,Quinn Taylor,quinn.taylor45@hotmail.com,San Antonio,US,2019-08-28
165,Grace Garcia,grace.garcia98@gmail.com,Phoenix,US,2023-07-17
166,Sam Anderson,sam.anderson81@hotmail.com,Manchester,GB,2018-10-07
167,Zoe Rodriguez,zoe.rodriguez46@icloud.com,Los Angeles,US,2023-03-07
168,Aaron Martinez,aaron.martinez83@gmail.com,Chicago,US,2023-09-08
169,Zoe Johnson,zoe.johnson74@yahoo.com,Montreal,CA,2023-05-03
170,Olivia Brown,olivia.brown92@gmail.com,Manchester,GB,2019-12-08
171,Olivia Taylor,olivia.taylor79@yahoo.com,Melbourne,AU,2021-03-04
172,Victor Martin,victor.martin81@hotmail.com,Los Angeles,US,2019-01-23
173,Iris Martin,iris.martin43@gmail.com,Phoenix,US,2019-08-03
174,Uma Gonzalez,uma.gonzalez77@gmail.com,Phoenix,US,2022-03-23
175,Eve Taylor,eve.taylor83@outlook.com,Chicago,US,2018-03-16
176,Grace Hernandez,grace.hernandez25@yahoo.com,Sydney,AU,2019-09-27
177,David Taylor,david.taylor95@icloud.com,Brisbane,AU,2021-10-11
178,Tina Gonzalez,tina.gonzalez21@yahoo.com,Phoenix,US,2019-11-10
179,Leo Davis,leo.davis79@hotmail.com,Montreal,CA,2023-01-13
180,Zoe Thomas,zoe.thomas48@icloud.com,San Antonio,US,2023-03-07
181,Quinn Taylor,quinn.taylor21@yahoo.com,Vancouver,CA,2019-07-21
182,Paul Lopez,paul.lopez14@icloud.com,Brisbane,AU,2021-03-13
183,Olivia Taylor,olivia.taylor56@gmail.com,Phoenix,US,2020-06-28
184,Diana Smith,diana.smith7@outlook.com,Vancouver,CA,2020-08-23
185,Hank Smith,hank.smith13@hotmail.com,Manchester,GB,2019-07-18
186,Paul Jones,,Sydney,AU,2018-11-21
187,Eve Moore,eve.moore55@gmail.com,Melbourne,AU,2020-08-31
188,Noah Martin,noah.martin9@gmail.com,,CA,2023-08-10
189,Quinn Jackson,quinn.jackson92@yahoo.com,San Diego,US,2018-01-07
190,Noah Garcia,noah.garcia68@hotmail.com,Chicago,US,2023-11-25
191,Quinn Moore,quinn.moore50@outlook.com,New York,US,2022-05-04
192,Alice Lopez,alice.lopez45@yahoo.com,Chicago,US,2019-03-01
193,Karen Jones,karen.jones46@icloud.com,Los Angeles,US,2019-12-19
194,Wendy Thomas,wendy.thomas18@gmail.com,Philadelphia,US,2023-02-18
195,Zoe Miller,zoe.miller41@hotmail.com,Los Angeles,US,2024-02-03
196,Uma Miller,uma.miller46@gmail.com,London,GB,2021-09-21
197,Noah Gonzalez,noah.gonzalez50@hotmail.com,Montreal,CA,2023-07-26
198,Zoe Taylor,zoe.taylor11@outlook.com,Dallas,US,2020-01-10
199,Carol Hernandez,carol.hernandez40@outlook.com,London,GB,2022-10-12
200,Olivia Johnson,olivia.johnson79@outlook.com,Birmingham,GB,2018-08-23
201,Leo Taylor,leo.taylor4@yahoo.com,Philadelphia,US,2022-11-30
202,Yara Lopez,yara.lopez50@icloud.com,Birmingham,GB,2019-09-21
203,Leo Anderson,leo.anderson74@yahoo.com,Chicago,US,2022-06-19
204,David Smith,david.smith64@icloud.com,Philadelphia,US,2024-04-19
205,Wendy Anderson,wendy.anderson79@hotmail.com,San Antonio,US,2023-07-05
206,Carol Anderson,carol.anderson92@outlook.com,Philadelphia,US,2021-08-02
207,Rosa Moore,rosa.moore39@yahoo.com,London,GB,2019-12-15
208,David Miller,david.miller31@outlook.com,Phoenix,US,2024-03-19
209,Rosa Jones,rosa.jones9@hotmail.com,Chicago,US,2023-05-15
210,Aaron Jackson,aaron.jackson17@hotmail.com,Chicago,US,2023-01-18
211,Eve Moore,eve.moore99@yahoo.com,Philadelphia,US,2018-08-15
212,Jack Garcia,jack.garcia42@yahoo.com,Philadelphia,US,2023-10-27
213,Iris Miller,iris.miller36@yahoo.com,Brisbane,AU,2023-12-26
214,Sam Jackson,sam.jackson22@icloud.com,Phoenix,US,2021-10-14
215,Aaron Smith,aaron.smith6@icloud.com,Chicago,US,2020-05-13
216,Uma Smith,uma.smith81@icloud.com,Sydney,AU,2021-05-22
217,Victor Gonzalez,victor.gonzalez59@gmail.com,London,GB,2019-10-10
218,Grace Hernandez,grace.hernandez41@hotmail.com,Phoenix,US,2021-11-15
219,Leo Taylor,leo.taylor14@hotmail.com,Brisbane,AU,2019-05-17
220,David Johnson,david.johnson50@icloud.com,London,GB,2019-10-17
221,Xander Hernandez,xander.hernandez98@yahoo.com,San Antonio,US,2023-10-10
222,Paul Smith,paul.smith51@icloud.com,Chicago,US,2020-09-13
223,Bob Martinez,bob.martinez77@outlook.com,Sydney,AU,2018-02-03
224,Carlos Rodriguez,carlos.rodriguez98@outlook.com,Birmingham,GB,2022-06-29
225,Leo Moore,leo.moore10@outlook.com,London,GB,2024-03-02
226,Victor Martin,victor.martin17@gmail.com,Houston,US,2021-10-20
227,Eve Miller,eve.miller52@icloud.com,Melbourne,AU,2018-06-09
228,Paul Taylor,paul.taylor20@icloud.com,Montreal,CA,2019-07-27
229,Frank Gonzalez,frank.gonzalez76@hotmail.com,London,GB,2023-09-19
230,Jack Thomas,jack.thomas48@hotmail.com,New York,US,2022-09-03
231,Xander Smith,xander.smith34@icloud.com,Sydney,AU,2018-07-30
232,Uma Martin,uma.martin19@yahoo.com,Toronto,CA,2019-03-27
233,Noah Jones,noah.jones89@yahoo.com,Vancouver,CA,2023-04-16
234,Bob Jones,bob.jones27@icloud.com,Melbourne,AU,2023-05-14
235,Frank Anderson,frank.anderson44@icloud.com,Brisbane,AU,2020-12-18
236,Hank Rodriguez,hank.rodriguez39@yahoo.com,Brisbane,AU,2021-05-04
237,Wendy Thomas,wendy.thomas62@hotmail.com,Manchester,GB,2021-01-25
238,Rosa Gonzalez,rosa.gonzalez45@yahoo.com,Toronto,CA,2021-03-24
239,Diana Anderson,diana.anderson96@outlook.com,Dallas,US,2024-01-16
240,Iris Jones,iris.jones79@icloud.com,Houston,US,2018-07-27
241,Uma Davis,uma.davis13@outlook.com,Los Angeles,US,2023-04-19
242,Alice Moore,alice.moore53@outlook.com,Philadelphia,US,2020-03-27
243,Jack Johnson,jack.johnson84@icloud.com,Chicago,US,2018-06-02
244,Carlos Garcia,carlos.garcia51@outlook.com,,US,2021-03-31
245,Sam Martin,sam.martin43@hotmail.com,Houston,US,2024-02-04
246,Eve Taylor,eve.taylor35@yahoo.com,Montreal,CA,2021-09-16
247,Iris Garcia,iris.garcia95@hotmail.com,New York,US,2024-05-14
248,Tina Gonzalez,tina.gonzalez66@hotmail.com,Vancouver,CA,2019-01-26
249,Karen Davis,karen.davis34@outlook.com,New York,US,2020-12-29
250,Xander Jackson,xander.jackson34@hotmail.com,New York,US,2018-09-12
251,Frank Gonzalez,frank.gonzalez91@hotmail.com,Melbourne,AU,2021-04-23
252,Eve Thomas,eve.thomas59@icloud.com,Phoenix,US,2024-02-28
253,Zoe Miller,zoe.miller88@icloud.com,San Diego,US,2018-12-02
254,Leo Williams,leo.williams8@icloud.com,Houston,US,2020-04-08
255,Karen Taylor,karen.taylor15@yahoo.com,Montreal,CA,2023-06-26
256,Zoe Johnson,zoe.johnson17@icloud.com,Montreal,CA,2024-04-28
257,Zoe Martinez,zoe.martinez51@hotmail.com,New York,US,2020-06-11
258,Leo Williams,leo.williams8@gmail.com,Brisbane,AU,2023-04-18
259,Yara Jones,yara.jones48@outlook.com,Vancouver,CA,2022-03-27
260,Victor Moore,victor.moore84@hotmail.com,Phoenix,US,2024-01-10
261,Hank Smith,hank.smith39@outlook.com,New York,US,2024-02-09
262,Hank Davis,hank.davis45@yahoo.com,Montreal,CA,2019-04-08
263,Tina Smith,tina.smith27@gmail.com,San Diego,US,2018-05-18
264,Bella Johnson,bella.johnson95@gmail.com,San Diego,US,2020-08-17
265,Yara Johnson,yara.johnson65@hotmail.com,Phoenix,US,2024-06-17
266,Victor Hernandez,victor.hernandez39@yahoo.com,San Diego,US,2023-11-06
267,Bob Moore,bob.moore81@outlook.com,Philadelphia,US,2018-07-12
268,Victor Gonzalez,victor.gonzalez41@outlook.com,Melbourne,AU,2021-05-13
269,Paul Davis,paul.davis39@yahoo.com,San Diego,US,2018-08-25
270,Rosa Taylor,rosa.taylor50@yahoo.com,Phoenix,US,2021-09-14
271,Bella Lopez,bella.lopez69@yahoo.com,Chicago,US,2022-03-25
272,Bella Williams,bella.williams98@icloud.com,San Antonio,US,2024-04-08
273,Diana Hernandez,diana.hernandez2@yahoo.com,London,GB,2019-04-26
274,Diana Davis,diana.davis51@yahoo.com,San Antonio,US,2021-03-05
275,Leo Martinez,leo.martinez47@icloud.com,Dallas,US,2023-03-24
276,Paul Hernandez,paul.hernandez48@hotmail.com,San Antonio,US,2024-04-23
277,Alice Rodriguez,alice.rodriguez75@icloud.com,Brisbane,AU,2021-04-24
278,Mia Jackson,mia.jackson64@icloud.com,San Diego,US,2021-10-14
279,Xander Thomas,xander.thomas22@hotmail.com,Montreal,CA,2024-02-17
280,Rosa Johnson,rosa.johnson5@gmail.com,Melbourne,AU,2018-07-18
281,Aaron Davis,aaron.davis91ATyahoo.com,Chicago,US,2023-09-03
282,Uma Martin,uma.martin85AToutlook.com,,AU,2023-12-20
283,Quinn Rodriguez,quinn.rodriguez37@gmail.com,Brisbane,AU,2022-10-30
284,David Brown,david.brown20@yahoo.com,Melbourne,AU,2023-11-27
285,Zoe Gonzalez,zoe.gonzalez48@outlook.com,Chicago,US,2020-09-23
286,Victor Williams,victor.williams12@outlook.com,Los Angeles,US,2024-03-13
287,Wendy Garcia,wendy.garcia64@outlook.com,Chicago,US,2021-09-18
288,David Taylor,david.taylor30@yahoo.com,Los Angeles,US,2024-05-10
289,Carol Rodriguez,,Brisbane,AU,2021-07-12
290,Eve Gonzalez,eve.gonzalez39@yahoo.com,Chicago,US,2024-05-10
291,Carlos Moore,carlos.moore50@yahoo.com,Manchester,GB,2018-11-18
292,Bob Brown,bob.brown30@gmail.com,Vancouver,CA,2022-06-13
293,Uma Rodriguez,uma.rodriguez63@yahoo.com,Montreal,CA,2022-03-18
294,Victor Gonzalez,victor.gonzalez99@icloud.com,Chicago,US,2020-10-06
295,Eve Gonzalez,eve.gonzalez95@outlook.com,Phoenix,US,2019-03-13
296,Olivia Lopez,olivia.lopez14@yahoo.com,Dallas,US,2022-11-01
297,Noah Brown,noah.brown12@hotmail.com,,US,2021-08-21
298,Noah Gonzalez,noah.gonzalez93@icloud.com,Chicago,US,2020-09-21
299,Mia Garcia,mia.garcia35@hotmail.com,Phoenix,US,2019-08-21
300,Noah Martinez,noah.martinez10@hotmail.com,Sydney,AU,2020-10-07
301,Tina Miller,tina.miller14@yahoo.com,Montreal,CA,2022-06-09
302,Zoe Hernandez,zoe.hernandez43@outlook.com,Montreal,CA,2019-07-12
303,Wendy Miller,wendy.miller41@yahoo.com,Sydney,AU,2021-07-31
304,Paul Jackson,paul.jackson42@outlook.com,San Diego,US,2022-05-29
305,Grace Jackson,grace.jackson24@icloud.com,Brisbane,AU,2023-03-06
306,Zoe Martinez,zoe.martinez53@outlook.com,Chicago,US,2021-05-25
307,Wendy Wilson,wendy.wilson10@outlook.com,Toronto,CA,2023-05-17
308,Diana Wilson,diana.wilson5@hotmail.com,Brisbane,AU,2024-01-09
309,David Davis,david.davis22@icloud.com,Birmingham,GB,2022-06-25
310,Zoe Wilson,zoe.wilson2@gmail.com,Houston,US,2023-09-23
311,Wendy Jackson,wendy.jackson58@hotmail.com,San Diego,US,2023-08-12
312,Paul Brown,paul.brown54@gmail.com,London,GB,2019-08-04
313,Zoe Miller,zoe.miller62@hotmail.com,Melbourne,AU,2022-11-30
314,Carol Martinez,carol.martinez91@gmail.com,Los Angeles,US,2021-11-06
315,Frank Davis,frank.davis23@icloud.com,Melbourne,AU,2024-04-12
316,Zoe Gonzalez,zoe.gonzalez24@outlook.com,Philadelphia,US,2020-03-19
317,Alice Miller,alice.miller36@gmail.com,San Antonio,US,2024-01-09
318,Olivia Brown,olivia.brown86@outlook.com,Dallas,US,2021-07-07
319,Sam Brown,sam.brown46@outlook.com,Birmingham,GB,2021-05-03
320,Victor Jones,victor.jones16@yahoo.com,Manchester,GB,2020-01-20
321,Mia Wilson,mia.wilson74@outlook.com,Phoenix,US,2023-06-17
322,Uma Garcia,uma.garcia22@outlook.com,Brisbane,AU,2020-02-06
323,Bob Lopez,bob.lopez63@yahoo.com,New York,US,2022-04-22
324,Paul Wilson,paul.wilson54@outlook.com,Sydney,AU,2018-12-05
325,Hank Martinez,hank.martinez36@yahoo.com,Los Angeles,US,2019-11-20
326,Yara Thomas,yara.thomas66@gmail.com,Brisbane,AU,2021-01-02
327,Leo Moore,leo.moore98@outlook.com,Los Angeles,US,2022-10-08
328,Yara Davis,yara.davis5@outlook.com,London,GB,2018-12-23
329,Yara Davis,yara.davis95@icloud.com,San Antonio,US,2022-10-20
330,Grace Miller,grace.miller73@hotmail.com,Los Angeles,US,2024-01-16
331,Jack Martinez,jack.martinez66@gmail.com,Dallas,US,2022-08-13
332,Bella Jones,bella.jones32@yahoo.com,Phoenix,US,2020-10-10
333,Paul Jones,paul.jones81@outlook.com,Dallas,US,2018-11-06
334,Carol Gonzalez,carol.gonzalez96@hotmail.com,Melbourne,AU,2022-02-20
335,Sam Smith,sam.smith94@outlook.com,Chicago,US,2022-01-07
336,Mia Miller,mia.miller28@outlook.com,Vancouver,CA,2021-03-07
337,Sam Thomas,,Manchester,GB,2023-02-26
338,Frank Anderson,frank.anderson1@outlook.com,Montreal,CA,2019-06-25
339,Bella Rodriguez,bella.rodriguez84@hotmail.com,Chicago,US,2022-03-04
340,Bob Gonzalez,bob.gonzalez93@yahoo.com,,GB,2019-01-09
341,Paul Williams,,Phoenix,US,2022-12-28
342,Aaron Brown,aaron.brown89@yahoo.com,Vancouver,CA,2020-07-26
343,David Brown,david.brown48@hotmail.com,Manchester,GB,2019-06-30
344,Carol Taylor,carol.taylor79@yahoo.com,New York,US,2020-05-22
345,Noah Martin,noah.martin28@gmail.com,Montreal,CA,2019-07-28
346,Mia Lopez,mia.lopez41@yahoo.com,Vancouver,CA,2018-12-12
347,Xander Martin,xander.martin89@gmail.com,London,GB,2021-05-20
348,Grace Gonzalez,grace.gonzalez83@gmail.com,London,GB,2020-09-07
349,Paul Martin,paul.martin68@gmail.com,Chicago,US,2021-07-20
350,Sam Wilson,,Birmingham,GB,2018-10-26
351,Iris Miller,iris.miller8@outlook.com,Los Angeles,US,2023-08-15
352,Mia Williams,mia.williams69@icloud.com,Brisbane,AU,2018-12-09
353,Grace Jones,grace.jones42@outlook.com,Brisbane,AU,2018-09-28
354,Bella Davis,bella.davis32@gmail.com,Los Angeles,US,2019-04-21
355,Jack Garcia,jack.garcia2@yahoo.com,Houston,US,2019-11-03
356,Quinn Rodriguez,quinn.rodriguez48@yahoo.com,Philadelphia,US,2021-01-05
357,Carlos Smith,carlos.smith55@hotmail.com,Manchester,GB,2020-12-13
358,Carol Thomas,carol.thomas66@hotmail.com,Montreal,CA,2024-05-10
359,Yara Brown,yara.brown30ATicloud.com,Houston,US,2018-02-20
360,Mia Jones,mia.jones5@icloud.com,Philadelphia,US,2022-09-14
361,Diana Hernandez,diana.hernandez10@icloud.com,Dallas,US,2023-08-19
362,Hank Taylor,hank.taylor52@gmail.com,Los Angeles,US,2021-03-02
363,Carol Moore,carol.moore2@hotmail.com,Montreal,CA,2024-04-28
364,Hank Anderson,hank.anderson76@outlook.com,Birmingham,GB,2020-03-11
365,Zoe Davis,zoe.davis1@outlook.com,Phoenix,US,2024-01-28
366,Carlos Smith,carlos.smith1@outlook.com,Manchester,GB,2021-06-13
367,Hank Wilson,hank.wilson8@yahoo.com,Sydney,AU,2019-01-17
368,Bella Taylor,bella.taylor90@hotmail.com,Vancouver,CA,2018-12-14
369,Uma Gonzalez,uma.gonzalez76@icloud.com,Chicago,US,2019-06-20
370,Karen Gonzalez,karen.gonzalez41@outlook.com,Manchester,GB,2018-11-02
371,Yara Jackson,yara.jackson20@gmail.com,Houston,US,2023-03-24
372,Leo Miller,leo.miller40@outlook.com,Montreal,CA,2019-05-07
373,Jack Martin,jack.martin28@hotmail.com,Los Angeles,US,2020-10-13
374,Bob Martinez,bob.martinez23@gmail.com,Dallas,US,2023-01-27
375,David Anderson,david.anderson18ATgmail.com,Houston,US,2020-06-29
376,Leo Williams,leo.williams10@gmail.com,Dallas,US,2020-03-20
377,Eve Williams,eve.williams16@gmail.com,Manchester,GB,2018-07-27
378,Aaron Gonzalez,aaron.gonzalez4@outlook.com,Sydney,AU,2019-12-09
379,Iris Rodriguez,iris.rodriguez20@gmail.com,Montreal,CA,2020-10-03
380,Carlos Moore,carlos.moore8@gmail.com,Sydney,AU,2019-07-17
381,Zoe Taylor,zoe.taylor81@icloud.com,San Diego,US,2022-04-16
382,Rosa Thomas,rosa.thomas73@icloud.com,Birmingham,GB,2021-01-12
383,Hank Smith,hank.smith8@outlook.com,Dallas,US,2020-08-11
384,Victor Davis,victor.davis69@gmail.com,Dallas,US,2020-06-17
385,Mia Lopez,mia.lopez23@yahoo.com,Philadelphia,US,2022-01-09
386,Wendy Lopez,wendy.lopez73@yahoo.com,Phoenix,US,2023-07-10
387,Bob Williams,bob.williams30@icloud.com,Los Angeles,US,2023-11-27
388,Tina Miller,tina.miller44@yahoo.com,Phoenix,US,2021-08-18
389,Wendy Jones,wendy.jones68@hotmail.com,Houston,US,2022-03-11
390,Sam Brown,sam.brown39@hotmail.com,Manchester,GB,2019-10-08
391,Uma Thomas,uma.thomas23@icloud.com,Manchester,GB,2022-01-01
392,Frank Gonzalez,frank.gonzalez94@hotmail.com,London,GB,2018-01-08
393,Mia Jackson,mia.jackson24@icloud.com,Los Angeles,US,2020-06-23
394,Paul Jones,paul.jones96@gmail.com,Manchester,GB,2021-08-01
395,Carol Hernandez,carol.hernandez2@hotmail.com,Montreal,CA,2018-10-05
396,Xander Smith,xander.smith50@outlook.com,Los Angeles,US,2019-11-13
397,Mia Lopez,mia.lopez49@gmail.com,Brisbane,AU,2024-06-25
398,Frank Anderson,frank.anderson5@hotmail.com,Chicago,US,2020-12-05
399,Frank Gonzalez,frank.gonzalez94@gmail.com,Philadelphia,US,2019-01-17
400,Carlos Thomas,carlos.thomas56@yahoo.com,New York,US,2022-11-14
401,Grace Miller,grace.miller90@icloud.com,Vancouver,CA,2024-01-22
402,Hank Brown,hank.brown51@icloud.com,Los Angeles,US,2023-07-04
403,Noah Williams,,London,GB,2019-02-02
404,Jack Williams,jack.williams15@hotmail.com,Sydney,AU,2023-04-13
405,Carol Moore,carol.moore24@hotmail.com,Toronto,CA,2022-02-22
406,Olivia Anderson,olivia.anderson29@hotmail.com,Dallas,US,2019-09-12
407,Carol Lopez,carol.lopez53@icloud.com,Brisbane,AU,2018-09-07
408,Noah Moore,noah.moore74@yahoo.com,Sydney,AU,2018-11-20
409,Bob Taylor,bob.taylor74@icloud.com,Melbourne,AU,2023-01-14
410,Grace Miller,grace.miller6@outlook.com,Phoenix,US,2022-11-19
411,Eve Martin,eve.martin41@gmail.com,Dallas,US,2024-03-28
412,Iris Taylor,iris.taylor2@icloud.com,Montreal,CA,2022-09-15
413,Sam Jackson,sam.jackson14@icloud.com,Houston,US,2021-03-17
414,Carlos Wilson,carlos.wilson50@outlook.com,Dallas,US,2023-04-22
415,Eve Martin,eve.martin5@outlook.com,Toronto,CA,2021-09-19
416,Paul Rodriguez,paul.rodriguez3@hotmail.com,Birmingham,GB,2021-05-26
417,Bella Brown,bella.brown18@hotmail.com,San Diego,US,2022-12-20
418,Xander Wilson,xander.wilson25@outlook.com,Chicago,US,2022-07-26
419,Bella Lopez,bella.lopez66@yahoo.com,Los Angeles,US,2023-09-07
420,Quinn Jackson,quinn.jackson23@yahoo.com,New York,US,2020-04-02
421,Olivia Johnson,olivia.johnson91@yahoo.com,Birmingham,GB,2023-03-17
422,David Smith,david.smith48@outlook.com,San Diego,US,2019-12-29
423,Rosa Lopez,rosa.lopez21@hotmail.com,Birmingham,GB,2019-01-06
424,Frank Jackson,frank.jackson29@yahoo.com,San Antonio,US,2021-01-07
425,Bella Smith,bella.smith17@yahoo.com,Sydney,AU,2018-02-04
426,Jack Rodriguez,jack.rodriguez49@hotmail.com,Vancouver,CA,2020-06-12
427,Aaron Martin,aaron.martin75ATgmail.com,Toronto,CA,2022-03-13
428,Jack Martinez,jack.martinez62@gmail.com,Houston,US,2021-02-06
429,Iris Martinez,iris.martinez20@icloud.com,San Antonio,US,2018-08-21
430,Tina Gonzalez,tina.gonzalez88@yahoo.com,Manchester,GB,2023-07-31
431,Noah Gonzalez,noah.gonzalez95@gmail.com,Toronto,CA,2024-06-01
432,Wendy Davis,wendy.davis82@outlook.com,Brisbane,AU,2022-01-08
433,Aaron Moore,aaron.moore38@gmail.com,Philadelphia,US,2020-11-25
434,Diana Garcia,diana.garcia84@gmail.com,Manchester,GB,2020-07-03
435,Zoe Hernandez,zoe.hernandez34@icloud.com,Birmingham,GB,2019-04-28
436,Sam Jackson,sam.jackson61@yahoo.com,Chicago,US,2022-04-13
437,Bella Jones,bella.jones26@hotmail.com,Phoenix,US,2024-05-21
438,Eve Hernandez,eve.hernandez11@outlook.com,Philadelphia,US,2019-12-26
439,Olivia Rodriguez,olivia.rodriguez98@yahoo.com,San Antonio,US,2019-10-11
440,Carol Jones,carol.jones82@outlook.com,Vancouver,CA,2023-05-10
441,Grace Lopez,grace.lopez42@icloud.com,New York,US,2018-01-17
442,Wendy Lopez,wendy.lopez17@gmail.com,London,GB,2021-06-07
443,Jack Martinez,jack.martinez94@icloud.com,Montreal,CA,2021-10-15
444,Eve Hernandez,,Sydney,AU,2022-07-11
445,Eve Miller,eve.miller76@icloud.com,New York,US,2022-02-10
446,Mia Rodriguez,mia.rodriguez80@gmail.com,Brisbane,AU,2018-07-16
447,Alice Johnson,alice.johnson54@outlook.com,Houston,US,2024-02-20
448,Grace Smith,grace.smith54@gmail.com,London,GB,2021-01-10
449,Noah Brown,noah.brown93@icloud.com,Melbourne,AU,2019-04-12
450,Tina Miller,tina.miller67@yahoo.com,Dallas,US,2022-08-06
451,Paul Miller,paul.miller43ATyahoo.com,Sydney,AU,2018-12-31
452,Victor Thomas,victor.thomas12@icloud.com,Phoenix,US,2019-02-19
453,Olivia Martinez,olivia.martinez60@gmail.com,Dallas,US,2019-12-17
454,Leo Hernandez,,Vancouver,CA,2018-07-07
455,Uma Garcia,uma.garcia46@outlook.com,Manchester,GB,2021-01-03
456,Aaron Hernandez,aaron.hernandez15@outlook.com,Philadelphia,US,2023-02-13
457,Bella Thomas,bella.thomas84@yahoo.com,Vancouver,CA,2018-08-29
458,David Wilson,david.wilson73@outlook.com,Sydney,AU,2022-04-05
459,Bella Jones,bella.jones63@gmail.com,Sydney,AU,2022-12-11
460,Karen Smith,karen.smith99@icloud.com,Melbourne,AU,2020-07-06
461,Karen Taylor,karen.taylor89@icloud.com,Melbourne,AU,2020-10-15
462,Uma Gonzalez,uma.gonzalez72@icloud.com,Phoenix,US,2019-10-05
463,Paul Garcia,paul.garcia97@outlook.com,Chicago,US,2021-09-17
464,Hank Moore,hank.moore52@yahoo.com,Toronto,CA,2022-12-25
465,Bella Thomas,bella.thomas41@gmail.com,Montreal,CA,2018-03-14
466,Rosa Moore,rosa.moore12@icloud.com,New York,US,2021-06-01
467,Uma Anderson,uma.anderson47@gmail.com,Manchester,GB,2023-02-05
468,Tina Thomas,,Birmingham,GB,2020-06-27
469,Uma Martinez,uma.martinez67@hotmail.com,Brisbane,AU,2018-07-07
470,Aaron Wilson,aaron.wilson33@icloud.com,Houston,US,2019-05-10
471,Olivia Miller,olivia.miller14@outlook.com,Manchester,GB,2019-05-20
472,Victor Jackson,victor.jackson18AToutlook.com,Melbourne,AU,2018-07-18
473,Sam Thomas,sam.thomas23@icloud.com,Melbourne,AU,2019-06-10
474,Tina Hernandez,tina.hernandez50@outlook.com,Melbourne,AU,2020-10-13
475,Jack Anderson,jack.anderson18@outlook.com,Phoenix,US,2023-09-30
476,Bella Hernandez,bella.hernandez81@yahoo.com,Brisbane,AU,2021-04-05
477,Eve Garcia,eve.garcia70@hotmail.com,Melbourne,AU,2021-12-13
478,Victor Wilson,victor.wilson37@outlook.com,Brisbane,AU,2023-11-12
479,Bob Johnson,bob.johnson35@yahoo.com,San Antonio,US,2020-10-23
480,Zoe Martinez,zoe.martinez97@icloud.com,San Antonio,US,2023-01-28
481,Xander Moore,xander.moore96@icloud.com,San Diego,US,2023-09-24
482,Jack Johnson,jack.johnson50@outlook.com,Toronto,CA,2021-07-04
483,Xander Rodriguez,xander.rodriguez80@outlook.com,San Antonio,US,2022-02-15
484,Tina Miller,tina.miller38@outlook.com,San Antonio,US,2018-11-02
485,Quinn Brown,quinn.brown6@outlook.com,Toronto,CA,2020-12-18
486,Iris Smith,iris.smith60@yahoo.com,Manchester,GB,2021-08-14
487,Uma Martin,uma.martin63@icloud.com,London,GB,2018-10-26
488,Hank Garcia,hank.garcia9@icloud.com,Melbourne,AU,2024-02-03
489,Hank Miller,hank.miller43@hotmail.com,Manchester,GB,2023-12-13
490,Yara Smith,yara.smith86@hotmail.com,Houston,US,2020-09-25
491,Karen Gonzalez,,Houston,US,2021-03-04
492,Yara Lopez,yara.lopez66@outlook.com,Melbourne,AU,2021-04-29
493,Quinn Williams,quinn.williams22@icloud.com,Houston,US,2018-09-26
494,Grace Wilson,grace.wilson27@icloud.com,Houston,US,2022-11-18
495,Xander Jones,xander.jones59@hotmail.com,New York,US,2018-10-28
496,Rosa Williams,rosa.williams34@outlook.com,,US,2022-07-15
497,Victor Brown,victor.brown1@icloud.com,Brisbane,AU,2018-07-06
498,Diana Taylor,diana.taylor38@hotmail.com,Houston,US,2021-02-27
499,Mia Smith,mia.smith21@icloud.com,Sydney,AU,2022-05-21
500,Jack Jones,jack.jones87@hotmail.com,London,GB,2018-02-15
64,Carol Wilson,carol.wilson43@icloud.com,Vancouver,CA,2018-09-13
22,Olivia Taylor,,Montreal,CA,2021-10-16
3,Alice Moore,alice.moore92@icloud.com,San Antonio,US,2023-01-14
294,Victor Gonzalez,victor.gonzalez99@icloud.com,Chicago,US,2020-10-06
306,Zoe Martinez,zoe.martinez53@outlook.com,Chicago,US,2021-05-25
